id,type,name
http://www.openkg.cn/COVID-19/goods/property/P003,http://www.w3.org/2002/07/owl#DatatypeProperty,品牌
http://www.openkg.cn/COVID-19/medical/property/P3,http://www.w3.org/1999/02/22-rdf-syntax-ns#Property,结构
http://www.openkg.cn/COVID-19/character/property/P5,http://www.w3.org/1999/02/22-rdf-syntax-ns#Property,民族
http://www.openkg.cn/COVID-19/goods/property/P030,http://www.w3.org/2002/07/owl#DatatypeProperty,颜色
http://www.openkg.cn/COVID-19/character/property/P2,http://www.w3.org/1999/02/22-rdf-syntax-ns#Property,性别
http://www.openkg.cn/COVID-19/medical/property/P12,http://www.w3.org/1999/02/22-rdf-syntax-ns#Property,传染源
http://www.openkg.cn/COVID-19/medical/property/P21,http://www.w3.org/1999/02/22-rdf-syntax-ns#Property,症状
http://www.openkg.cn/COVID-19/goods/property/P1581776860,http://www.w3.org/2002/07/owl#DatatypeProperty,功能
http://www.openkg.cn/COVID-19/medical/property/P18,http://www.w3.org/1999/02/22-rdf-syntax-ns#Property,病例
http://www.openkg.cn/COVID-19/medical/property/P55,http://www.w3.org/1999/02/22-rdf-syntax-ns#Property,研究领域
http://www.openkg.cn/COVID-19/medical/property/P30,http://www.w3.org/1999/02/22-rdf-syntax-ns#Property,临床分型
http://www.openkg.cn/COVID-19/medical/property/P42,http://www.w3.org/1999/02/22-rdf-syntax-ns#Property,治疗方案
http://www.openkg.cn/COVID-19/medical/property/P72,http://www.w3.org/1999/02/22-rdf-syntax-ns#Property,功效
http://www.openkg.cn/COVID-19/medical/property/P75,http://www.w3.org/1999/02/22-rdf-syntax-ns#Property,功效类别
http://www.openkg.cn/COVID-19/medical/property/P15,http://www.w3.org/1999/02/22-rdf-syntax-ns#Property,研究进展
http://www.openkg.cn/COVID-19/medical/property/P19,http://www.w3.org/1999/02/22-rdf-syntax-ns#Property,研究进展
http://www.openkg.cn/COVID-19/medical/property/P1,http://www.w3.org/1999/02/22-rdf-syntax-ns#Property,基本传染指数
http://www.openkg.cn/COVID-19/medical/property/P10,http://www.w3.org/1999/02/22-rdf-syntax-ns#Property,主要传播途径
http://www.openkg.cn/COVID-19/medical/property/P100,http://www.w3.org/1999/02/22-rdf-syntax-ns#Property,禁忌
http://www.openkg.cn/COVID-19/goods/property/P004,http://www.w3.org/2002/07/owl#DatatypeProperty,禁忌
http://www.openkg.cn/COVID-19/medical/property/P101,http://www.w3.org/1999/02/22-rdf-syntax-ns#Property,推荐中成药
http://www.openkg.cn/COVID-19/medical/property/P102,http://www.w3.org/1999/02/22-rdf-syntax-ns#Property,适用症
http://www.openkg.cn/COVID-19/medical/property/P98,http://www.w3.org/1999/02/22-rdf-syntax-ns#Property,适用症
http://www.openkg.cn/COVID-19/medical/property/P11,http://www.w3.org/1999/02/22-rdf-syntax-ns#Property,易感染人群
http://www.openkg.cn/COVID-19/medical/property/P13,http://www.w3.org/1999/02/22-rdf-syntax-ns#Property,属于
http://www.openkg.cn/COVID-19/medical/property/P51,http://www.w3.org/1999/02/22-rdf-syntax-ns#Property,属于
http://www.openkg.cn/COVID-19/medical/property/P54,http://www.w3.org/1999/02/22-rdf-syntax-ns#Property,属于
http://www.openkg.cn/COVID-19/medical/property/P74,http://www.w3.org/1999/02/22-rdf-syntax-ns#Property,属于
http://www.openkg.cn/COVID-19/medical/property/P91,http://www.w3.org/1999/02/22-rdf-syntax-ns#Property,属于
http://www.openkg.cn/COVID-19/medical/property/P14,http://www.w3.org/1999/02/22-rdf-syntax-ns#Property,引发
http://www.openkg.cn/COVID-19/medical/property/P16,http://www.w3.org/1999/02/22-rdf-syntax-ns#Property,并发症
http://www.openkg.cn/COVID-19/medical/property/P17,http://www.w3.org/1999/02/22-rdf-syntax-ns#Property,首次爆发疫区
http://www.openkg.cn/COVID-19/medical/property/P2,http://www.w3.org/1999/02/22-rdf-syntax-ns#Property,潜伏期
http://www.openkg.cn/COVID-19/medical/property/P20,http://www.w3.org/1999/02/22-rdf-syntax-ns#Property,防护手段
http://www.openkg.cn/COVID-19/medical/property/P24,http://www.w3.org/1999/02/22-rdf-syntax-ns#Property,指标
http://www.openkg.cn/COVID-19/medical/property/P25,http://www.w3.org/1999/02/22-rdf-syntax-ns#Property,伴随症状
http://www.openkg.cn/COVID-19/medical/property/P26,http://www.w3.org/1999/02/22-rdf-syntax-ns#Property,防护工具
http://www.openkg.cn/COVID-19/medical/property/P27,http://www.w3.org/1999/02/22-rdf-syntax-ns#Property,适用人群
http://www.openkg.cn/COVID-19/medical/property/P28,http://www.w3.org/1999/02/22-rdf-syntax-ns#Property,诊断标准
http://www.openkg.cn/COVID-19/medical/property/P29,http://www.w3.org/1999/02/22-rdf-syntax-ns#Property,判断依据
http://www.openkg.cn/COVID-19/medical/property/P31,http://www.w3.org/1999/02/22-rdf-syntax-ns#Property,证型
http://www.openkg.cn/COVID-19/medical/property/P33,http://www.w3.org/1999/02/22-rdf-syntax-ns#Property,发布
http://www.openkg.cn/COVID-19/medical/property/P59,http://www.w3.org/1999/02/22-rdf-syntax-ns#Property,发布
http://www.openkg.cn/COVID-19/medical/property/P34,http://www.w3.org/1999/02/22-rdf-syntax-ns#Property,相关
http://www.openkg.cn/COVID-19/medical/property/P35,http://www.w3.org/1999/02/22-rdf-syntax-ns#Property,所属期刊
http://www.openkg.cn/COVID-19/medical/property/P36,http://www.w3.org/1999/02/22-rdf-syntax-ns#Property,摘要
http://www.openkg.cn/COVID-19/medical/property/P37,http://www.w3.org/1999/02/22-rdf-syntax-ns#Property,类型
http://www.openkg.cn/COVID-19/medical/property/P38,http://www.w3.org/1999/02/22-rdf-syntax-ns#Property,文献
http://www.openkg.cn/COVID-19/medical/property/P39,http://www.w3.org/1999/02/22-rdf-syntax-ns#Property,表现
http://www.openkg.cn/COVID-19/medical/property/P40,http://www.w3.org/1999/02/22-rdf-syntax-ns#Property,推荐处方
http://www.openkg.cn/COVID-19/medical/property/P41,http://www.w3.org/1999/02/22-rdf-syntax-ns#Property,临床表现
http://www.openkg.cn/COVID-19/medical/property/P43,http://www.w3.org/1999/02/22-rdf-syntax-ns#Property,发布时间
http://www.openkg.cn/COVID-19/medical/property/P46,http://www.w3.org/1999/02/22-rdf-syntax-ns#Property,发布时间
http://www.openkg.cn/COVID-19/medical/property/P44,http://www.w3.org/1999/02/22-rdf-syntax-ns#Property,简介
http://www.openkg.cn/COVID-19/medical/property/P47,http://www.w3.org/1999/02/22-rdf-syntax-ns#Property,简介
http://www.openkg.cn/COVID-19/medical/property/P45,http://www.w3.org/1999/02/22-rdf-syntax-ns#Property,内容
http://www.openkg.cn/COVID-19/medical/property/P48,http://www.w3.org/1999/02/22-rdf-syntax-ns#Property,内容
http://www.openkg.cn/COVID-19/medical/property/P49,http://www.w3.org/1999/02/22-rdf-syntax-ns#Property,治疗设备
http://www.openkg.cn/COVID-19/medical/property/P5,http://www.w3.org/1999/02/22-rdf-syntax-ns#Property,生理机能
http://www.openkg.cn/COVID-19/medical/property/P50,http://www.w3.org/1999/02/22-rdf-syntax-ns#Property,治疗药物
http://www.openkg.cn/COVID-19/medical/property/P52,http://www.w3.org/1999/02/22-rdf-syntax-ns#Property,测量设备
http://www.openkg.cn/COVID-19/medical/property/P53,http://www.w3.org/1999/02/22-rdf-syntax-ns#Property,检查项
http://www.openkg.cn/COVID-19/medical/property/P56,http://www.w3.org/1999/02/22-rdf-syntax-ns#Property,任职
http://www.openkg.cn/COVID-19/medical/property/P57,http://www.w3.org/1999/02/22-rdf-syntax-ns#Property,发表
http://www.openkg.cn/COVID-19/character/property/P11,http://www.w3.org/1999/02/22-rdf-syntax-ns#Property,发表
http://www.openkg.cn/COVID-19/character/property/P32,http://www.w3.org/1999/02/22-rdf-syntax-ns#Property,发表
http://www.openkg.cn/COVID-19/medical/property/P58,http://www.w3.org/1999/02/22-rdf-syntax-ns#Property,检查方式
http://www.openkg.cn/COVID-19/medical/property/P6,http://www.w3.org/1999/02/22-rdf-syntax-ns#Property,胸部影像学
http://www.openkg.cn/COVID-19/medical/property/P60,http://www.w3.org/1999/02/22-rdf-syntax-ns#Property,所属科目
http://www.openkg.cn/COVID-19/medical/property/P61,http://www.w3.org/1999/02/22-rdf-syntax-ns#Property,所属科目
http://www.openkg.cn/COVID-19/medical/property/P62,http://www.w3.org/1999/02/22-rdf-syntax-ns#Property,忌同食
http://www.openkg.cn/COVID-19/medical/property/P69,http://www.w3.org/1999/02/22-rdf-syntax-ns#Property,忌同食
http://www.openkg.cn/COVID-19/medical/property/P63,http://www.w3.org/1999/02/22-rdf-syntax-ns#Property,所含成分
http://www.openkg.cn/COVID-19/medical/property/P66,http://www.w3.org/1999/02/22-rdf-syntax-ns#Property,用量
http://www.openkg.cn/COVID-19/medical/property/P81,http://www.w3.org/1999/02/22-rdf-syntax-ns#Property,用量
http://www.openkg.cn/COVID-19/goods/property/P002,http://www.w3.org/2002/07/owl#DatatypeProperty,用量
http://www.openkg.cn/COVID-19/medical/property/P67,http://www.w3.org/1999/02/22-rdf-syntax-ns#Property,组成
http://www.openkg.cn/COVID-19/goods/property/P020,http://www.w3.org/2002/07/owl#ObjectProperty,组成
http://www.openkg.cn/COVID-19/medical/property/P68,http://www.w3.org/1999/02/22-rdf-syntax-ns#Property,主治
http://www.openkg.cn/COVID-19/medical/property/P7,http://www.w3.org/1999/02/22-rdf-syntax-ns#Property,实验室检查
http://www.openkg.cn/COVID-19/medical/property/P73,http://www.w3.org/1999/02/22-rdf-syntax-ns#Property,归经
http://www.openkg.cn/COVID-19/medical/property/P76,http://www.w3.org/1999/02/22-rdf-syntax-ns#Property,感染
http://www.openkg.cn/COVID-19/medical/property/P77,http://www.w3.org/1999/02/22-rdf-syntax-ns#Property,损伤部位
http://www.openkg.cn/COVID-19/medical/property/P78,http://www.w3.org/1999/02/22-rdf-syntax-ns#Property,相关人物
http://www.openkg.cn/COVID-19/medical/property/P79,http://www.w3.org/1999/02/22-rdf-syntax-ns#Property,相关地点
http://www.openkg.cn/COVID-19/medical/property/P8,http://www.w3.org/1999/02/22-rdf-syntax-ns#Property,鉴别诊断
http://www.openkg.cn/COVID-19/medical/property/P80,http://www.w3.org/1999/02/22-rdf-syntax-ns#Property,使用建议
http://www.openkg.cn/COVID-19/medical/property/P83,http://www.w3.org/1999/02/22-rdf-syntax-ns#Property,使用建议
http://www.openkg.cn/COVID-19/medical/property/P82,http://www.w3.org/1999/02/22-rdf-syntax-ns#Property,临床应用
http://www.openkg.cn/COVID-19/medical/property/P84,http://www.w3.org/1999/02/22-rdf-syntax-ns#Property,相互作用
http://www.openkg.cn/COVID-19/medical/property/P86,http://www.w3.org/1999/02/22-rdf-syntax-ns#Property,注意事项
http://www.openkg.cn/COVID-19/goods/property/P005,http://www.w3.org/2002/07/owl#DatatypeProperty,注意事项
http://www.openkg.cn/COVID-19/medical/property/P87,http://www.w3.org/1999/02/22-rdf-syntax-ns#Property,用法
http://www.openkg.cn/COVID-19/medical/property/P89,http://www.w3.org/1999/02/22-rdf-syntax-ns#Property,用法
http://www.openkg.cn/COVID-19/goods/property/P006,http://www.w3.org/2002/07/owl#DatatypeProperty,用法
http://www.openkg.cn/COVID-19/medical/property/P88,http://www.w3.org/1999/02/22-rdf-syntax-ns#Property,副作用
http://www.openkg.cn/COVID-19/medical/property/P90,http://www.w3.org/1999/02/22-rdf-syntax-ns#Property,副作用
http://www.openkg.cn/COVID-19/medical/property/P9,http://www.w3.org/1999/02/22-rdf-syntax-ns#Property,死亡率
http://www.openkg.cn/COVID-19/medical/property/P92,http://www.w3.org/1999/02/22-rdf-syntax-ns#Property,基因特征
http://www.openkg.cn/COVID-19/medical/property/P93,http://www.w3.org/1999/02/22-rdf-syntax-ns#Property,疑似传播途径
http://www.openkg.cn/COVID-19/medical/property/P94,http://www.w3.org/1999/02/22-rdf-syntax-ns#Property,药理作用
http://www.openkg.cn/COVID-19/medical/property/P95,http://www.w3.org/1999/02/22-rdf-syntax-ns#Property,性状
http://www.openkg.cn/COVID-19/medical/property/P96,http://www.w3.org/1999/02/22-rdf-syntax-ns#Property,性味
http://www.openkg.cn/COVID-19/medical/property/P97,http://www.w3.org/1999/02/22-rdf-syntax-ns#Property,中药基原
http://www.openkg.cn/COVID-19/medical/property/P99,http://www.w3.org/1999/02/22-rdf-syntax-ns#Property,服法
http://www.openkg.cn/COVID-19/goods/property/P019,http://www.w3.org/2002/07/owl#ObjectProperty,适用人群
http://www.openkg.cn/COVID-19/prevention/property/P022,http://www.w3.org/2002/07/owl#ObjectProperty,适用场所
http://www.openkg.cn/COVID-19/prevention/property/P023,http://www.w3.org/2002/07/owl#ObjectProperty,使用交通工具
http://www.openkg.cn/COVID-19/prevention/property/P0231,http://www.w3.org/2002/07/owl#ObjectProperty,建议使用的交通工具
http://www.openkg.cn/COVID-19/prevention/property/P0232,http://www.w3.org/2002/07/owl#ObjectProperty,不建议使用的交通工具
http://www.openkg.cn/COVID-19/prevention/property/P3,http://www.w3.org/2002/07/owl#ObjectProperty,防护措施相关实体
http://www.openkg.cn/COVID-19/prevention/property/P31,http://www.w3.org/2002/07/owl#ObjectProperty,防护场所
http://www.openkg.cn/COVID-19/prevention/property/P32,http://www.w3.org/2002/07/owl#ObjectProperty,防护对象
http://www.openkg.cn/COVID-19/prevention/property/P33,http://www.w3.org/2002/07/owl#ObjectProperty,防护物资
http://www.openkg.cn/COVID-19/prevention/property/P331,http://www.w3.org/2002/07/owl#ObjectProperty,不建议使用的防护物资
http://www.openkg.cn/COVID-19/prevention/property/P332,http://www.w3.org/2002/07/owl#ObjectProperty,建议使用的防护物资
http://www.openkg.cn/COVID-19/prevention/property/P34,http://www.w3.org/2002/07/owl#ObjectProperty,防护疫情
http://www.openkg.cn/COVID-19/prevention/property/P35,http://www.w3.org/2002/07/owl#ObjectProperty,防护问答
http://www.openkg.cn/COVID-19/prevention/property/P4,http://www.w3.org/2002/07/owl#DatatypeProperty,措施相关数据
http://www.openkg.cn/COVID-19/prevention/property/P41,http://www.w3.org/2002/07/owl#DatatypeProperty,措施主题
http://www.openkg.cn/COVID-19/prevention/property/P42,http://www.w3.org/2002/07/owl#DatatypeProperty,措施描述
http://www.openkg.cn/COVID-19/prevention/property/P5,http://www.w3.org/2002/07/owl#DatatypeProperty,前提条件
http://www.openkg.cn/COVID-19/epidemiology/property/P1,http://www.w3.org/1999/02/22-rdf-syntax-ns#Property,基本情况
http://www.openkg.cn/COVID-19/epidemiology/property/P11,http://www.w3.org/1999/02/22-rdf-syntax-ns#Property,ID
http://www.openkg.cn/COVID-19/epidemiology/property/P2,http://www.w3.org/1999/02/22-rdf-syntax-ns#Property,cause
http://www.openkg.cn/COVID-19/epidemiology/property/P3,http://www.w3.org/1999/02/22-rdf-syntax-ns#Property,connect-to
http://www.openkg.cn/COVID-19/epidemiology/property/P4,http://www.w3.org/1999/02/22-rdf-syntax-ns#Property,has_attr
http://www.openkg.cn/COVID-19/epidemiology/property/P5,http://www.w3.org/1999/02/22-rdf-syntax-ns#Property,被调查个体状态
http://www.openkg.cn/COVID-19/epidemiology/property/P6,http://www.w3.org/1999/02/22-rdf-syntax-ns#Property,has_basic_disease
http://www.openkg.cn/COVID-19/epidemiology/property/P7,http://www.w3.org/1999/02/22-rdf-syntax-ns#Property,has_epidemic_strength
http://www.openkg.cn/COVID-19/epidemiology/property/P8,http://www.w3.org/1999/02/22-rdf-syntax-ns#Property,has_infection_mode
http://www.openkg.cn/COVID-19/epidemiology/property/P9,http://www.w3.org/1999/02/22-rdf-syntax-ns#Property,infect
http://www.openkg.cn/COVID-19/epidemiology/property/P10,http://www.w3.org/1999/02/22-rdf-syntax-ns#Property,is-composed-of
http://www.openkg.cn/COVID-19/epidemiology/property/P12,http://www.w3.org/1999/02/22-rdf-syntax-ns#Property,is-for
http://www.openkg.cn/COVID-19/epidemiology/property/P13,http://www.w3.org/1999/02/22-rdf-syntax-ns#Property,is-next-of
http://www.openkg.cn/COVID-19/epidemiology/property/P14,http://www.w3.org/1999/02/22-rdf-syntax-ns#Property,is-part-of
http://www.openkg.cn/COVID-19/epidemiology/property/P15,http://www.w3.org/1999/02/22-rdf-syntax-ns#Property,lives-on
http://www.openkg.cn/COVID-19/epidemiology/property/P16,http://www.w3.org/1999/02/22-rdf-syntax-ns#Property,produces
http://www.openkg.cn/COVID-19/epidemiology/property/P17,http://www.w3.org/1999/02/22-rdf-syntax-ns#Property,reflects
http://www.openkg.cn/COVID-19/epidemiology/property/P18,http://www.w3.org/1999/02/22-rdf-syntax-ns#Property,samples
http://www.openkg.cn/COVID-19/epidemiology/property/P19,http://www.w3.org/1999/02/22-rdf-syntax-ns#Property,social-connect-to
http://www.openkg.cn/COVID-19/epidemiology/property/P20,http://www.w3.org/1999/02/22-rdf-syntax-ns#Property,transmits-to
http://www.openkg.cn/COVID-19/epidemiology/property/P21,http://www.w3.org/1999/02/22-rdf-syntax-ns#Property,uses
http://www.openkg.cn/COVID-19/epidemiology/property/P22,http://www.w3.org/1999/02/22-rdf-syntax-ns#Property,临床表现
http://www.openkg.cn/COVID-19/epidemiology/property/P23,http://www.w3.org/1999/02/22-rdf-syntax-ns#Property,事件细节
http://www.openkg.cn/COVID-19/epidemiology/property/P24,http://www.w3.org/1999/02/22-rdf-syntax-ns#Property,人群易感性
http://www.openkg.cn/COVID-19/epidemiology/property/P25,http://www.w3.org/1999/02/22-rdf-syntax-ns#Property,住院日期
http://www.openkg.cn/COVID-19/epidemiology/property/P26,http://www.w3.org/1999/02/22-rdf-syntax-ns#Property,免疫力
http://www.openkg.cn/COVID-19/epidemiology/property/P27,http://www.w3.org/1999/02/22-rdf-syntax-ns#Property,出院日期
http://www.openkg.cn/COVID-19/epidemiology/property/P28,http://www.w3.org/1999/02/22-rdf-syntax-ns#Property,发病指标
http://www.openkg.cn/COVID-19/epidemiology/property/P29,http://www.w3.org/1999/02/22-rdf-syntax-ns#Property,发病时间
http://www.openkg.cn/COVID-19/epidemiology/property/P30,http://www.w3.org/1999/02/22-rdf-syntax-ns#Property,发病率
http://www.openkg.cn/COVID-19/epidemiology/property/P31,http://www.w3.org/1999/02/22-rdf-syntax-ns#Property,地域范围
http://www.openkg.cn/COVID-19/epidemiology/property/P32,http://www.w3.org/1999/02/22-rdf-syntax-ns#Property,地点
http://www.openkg.cn/COVID-19/epidemiology/property/P33,http://www.w3.org/1999/02/22-rdf-syntax-ns#Property,就医时间
http://www.openkg.cn/COVID-19/epidemiology/property/P38,http://www.w3.org/1999/02/22-rdf-syntax-ns#Property,就医时间
http://www.openkg.cn/COVID-19/epidemiology/property/P34,http://www.w3.org/1999/02/22-rdf-syntax-ns#Property,常驻地
http://www.openkg.cn/COVID-19/epidemiology/property/P35,http://www.w3.org/1999/02/22-rdf-syntax-ns#Property,年龄
http://www.openkg.cn/COVID-19/epidemiology/property/P36,http://www.w3.org/1999/02/22-rdf-syntax-ns#Property,归属地
http://www.openkg.cn/COVID-19/epidemiology/property/P37,http://www.w3.org/1999/02/22-rdf-syntax-ns#Property,性别
http://www.openkg.cn/COVID-19/epidemiology/property/P39,http://www.w3.org/1999/02/22-rdf-syntax-ns#Property,易感性
http://www.openkg.cn/COVID-19/epidemiology/property/P40,http://www.w3.org/1999/02/22-rdf-syntax-ns#Property,死亡指标
http://www.openkg.cn/COVID-19/epidemiology/property/P41,http://www.w3.org/1999/02/22-rdf-syntax-ns#Property,死亡时间
http://www.openkg.cn/COVID-19/epidemiology/property/P42,http://www.w3.org/1999/02/22-rdf-syntax-ns#Property,死亡率
http://www.openkg.cn/COVID-19/epidemiology/property/P43,http://www.w3.org/1999/02/22-rdf-syntax-ns#Property,民族
http://www.openkg.cn/COVID-19/epidemiology/property/P44,http://www.w3.org/1999/02/22-rdf-syntax-ns#Property,潜伏期
http://www.openkg.cn/COVID-19/epidemiology/property/P45,http://www.w3.org/1999/02/22-rdf-syntax-ns#Property,疫区接触史
http://www.openkg.cn/COVID-19/epidemiology/property/P46,http://www.w3.org/1999/02/22-rdf-syntax-ns#Property,疫源接触史
http://www.openkg.cn/COVID-19/epidemiology/property/P47,http://www.w3.org/1999/02/22-rdf-syntax-ns#Property,病死率
http://www.openkg.cn/COVID-19/epidemiology/property/P48,http://www.w3.org/1999/02/22-rdf-syntax-ns#Property,确诊时间
http://www.openkg.cn/COVID-19/epidemiology/property/P49,http://www.w3.org/1999/02/22-rdf-syntax-ns#Property,终止时间
http://www.openkg.cn/COVID-19/epidemiology/property/P50,http://www.w3.org/1999/02/22-rdf-syntax-ns#Property,续发率
http://www.openkg.cn/COVID-19/epidemiology/property/P51,http://www.w3.org/1999/02/22-rdf-syntax-ns#Property,职业
http://www.openkg.cn/COVID-19/epidemiology/property/P52,http://www.w3.org/1999/02/22-rdf-syntax-ns#Property,起始时间
http://www.openkg.cn/COVID-19/epidemiology/property/P90,http://www.w3.org/1999/02/22-rdf-syntax-ns#Property,夫妻关系
http://www.openkg.cn/COVID-19/goods/property/P001,http://www.w3.org/2002/07/owl#DatatypeProperty,过滤效率
http://www.openkg.cn/COVID-19/goods/property/P007,http://www.w3.org/2002/07/owl#DatatypeProperty,气流阻力
http://www.openkg.cn/COVID-19/goods/property/P008,http://www.w3.org/2002/07/owl#DatatypeProperty,保存方法
http://www.openkg.cn/COVID-19/goods/property/P009,http://www.w3.org/2002/07/owl#DatatypeProperty,是否有呼吸阀
http://www.openkg.cn/COVID-19/goods/property/P010,http://www.w3.org/2002/07/owl#DatatypeProperty,产品名称
http://www.openkg.cn/COVID-19/goods/property/P011,http://www.w3.org/2002/07/owl#DatatypeProperty,缺点
http://www.openkg.cn/COVID-19/goods/property/P012,http://www.w3.org/2002/07/owl#DatatypeProperty,是否可防范COVID-19病毒
http://www.openkg.cn/COVID-19/goods/property/P013,http://www.w3.org/2002/07/owl#DatatypeProperty,尺寸
http://www.openkg.cn/COVID-19/goods/property/P014,http://www.w3.org/2002/07/owl#DatatypeProperty,型号
http://www.openkg.cn/COVID-19/goods/property/P015,http://www.w3.org/2002/07/owl#DatatypeProperty,执行标准
http://www.openkg.cn/COVID-19/goods/property/P016,http://www.w3.org/2002/07/owl#DatatypeProperty,优点
http://www.openkg.cn/COVID-19/goods/property/P017,http://www.w3.org/2002/07/owl#DatatypeProperty,保质期
http://www.openkg.cn/COVID-19/goods/property/P018,http://www.w3.org/2002/07/owl#DatatypeProperty,更换条件
http://www.openkg.cn/COVID-19/goods/property/P023,http://www.w3.org/2002/07/owl#DatatypeProperty,佩戴方式
http://www.openkg.cn/COVID-19/goods/property/P024,http://www.w3.org/2002/07/owl#DatatypeProperty,防护效果
http://www.openkg.cn/COVID-19/goods/property/P025,http://www.w3.org/2002/07/owl#DatatypeProperty,参考价
http://www.openkg.cn/COVID-19/goods/property/P026,http://www.w3.org/2002/07/owl#DatatypeProperty,是否有海绵鼻垫
http://www.openkg.cn/COVID-19/goods/property/P027,http://www.w3.org/2002/07/owl#DatatypeProperty,样式
http://www.openkg.cn/COVID-19/goods/property/P028,http://www.w3.org/2002/07/owl#DatatypeProperty,材质
http://www.openkg.cn/COVID-19/goods/property/P029,http://www.w3.org/2002/07/owl#DatatypeProperty,产地
http://www.openkg.cn/COVID-19/goods/property/P031,http://www.w3.org/2002/07/owl#DatatypeProperty,净含量
http://www.openkg.cn/COVID-19/goods/property/P032,http://www.w3.org/2002/07/owl#DatatypeProperty,适用年龄
http://www.openkg.cn/COVID-19/goods/property/P035,http://www.w3.org/2002/07/owl#DatatypeProperty,批准日期
http://www.openkg.cn/COVID-19/goods/property/P036,http://www.w3.org/2002/07/owl#DatatypeProperty,包装清单
http://www.openkg.cn/COVID-19/goods/property/P037,http://www.w3.org/2002/07/owl#DatatypeProperty,企业名称
http://www.openkg.cn/COVID-19/goods/property/P038,http://www.w3.org/2002/07/owl#DatatypeProperty,规格
http://www.openkg.cn/COVID-19/goods/property/P039,http://www.w3.org/2002/07/owl#DatatypeProperty,重量
http://www.openkg.cn/COVID-19/goods/property/P040,http://www.w3.org/2002/07/owl#DatatypeProperty,长度
http://www.openkg.cn/COVID-19/goods/property/P041,http://www.w3.org/2002/07/owl#DatatypeProperty,宽度
http://www.openkg.cn/COVID-19/goods/property/P1581776798,http://www.w3.org/2002/07/owl#DatatypeProperty,属性
http://www.openkg.cn/COVID-19/goods/property/P1581776882,http://www.w3.org/2002/07/owl#DatatypeProperty,香味
http://www.openkg.cn/COVID-19/goods/property/P1581778543,http://www.w3.org/2002/07/owl#DatatypeProperty,滤网类型
http://www.openkg.cn/COVID-19/goods/property/P1581778580,http://www.w3.org/2002/07/owl#DatatypeProperty,能效等级
http://www.openkg.cn/COVID-19/goods/property/P1581778613,http://www.w3.org/2002/07/owl#DatatypeProperty,售后服务
http://www.openkg.cn/COVID-19/goods/property/P1581778651,http://www.w3.org/2002/07/owl#DatatypeProperty,适用面积
http://www.openkg.cn/COVID-19/goods/property/P1581778672,http://www.w3.org/2002/07/owl#DatatypeProperty,货号
http://www.openkg.cn/COVID-19/goods/property/P1581778696,http://www.w3.org/2002/07/owl#DatatypeProperty,噪音
http://www.openkg.cn/COVID-19/goods/property/P1581778739,http://www.w3.org/2002/07/owl#DatatypeProperty,颗粒物CADR值
http://www.openkg.cn/COVID-19/goods/property/P1581778760,http://www.w3.org/2002/07/owl#DatatypeProperty,颗粒物CCM值
http://www.openkg.cn/COVID-19/goods/property/P1581778784,http://www.w3.org/2002/07/owl#DatatypeProperty,甲醛CADR值
http://www.openkg.cn/COVID-19/goods/property/P1581778812,http://www.w3.org/2002/07/owl#DatatypeProperty,甲醛CCM值
http://www.openkg.cn/COVID-19/goods/property/P1581778828,http://www.w3.org/2002/07/owl#DatatypeProperty,保修期
http://www.openkg.cn/COVID-19/goods/property/P1581778850,http://www.w3.org/2002/07/owl#DatatypeProperty,电源方式
http://www.openkg.cn/COVID-19/goods/property/P1581778874,http://www.w3.org/2002/07/owl#DatatypeProperty,风量
http://www.openkg.cn/COVID-19/goods/property/P1581778896,http://www.w3.org/2002/07/owl#DatatypeProperty,检测报告编号
http://www.openkg.cn/COVID-19/goods/property/P1581778917,http://www.w3.org/2002/07/owl#DatatypeProperty,控制方式
http://www.openkg.cn/COVID-19/goods/property/P33,http://www.w3.org/2002/07/owl#DatatypeProperty,注册证号
http://www.openkg.cn/COVID-19/goods/property/P34,http://www.w3.org/2002/07/owl#DatatypeProperty,注册有效期
http://www.openkg.cn/COVID-19/character/property/P16,http://www.w3.org/1999/02/22-rdf-syntax-ns#Property,履历
http://www.openkg.cn/COVID-19/character/property/P36,http://www.w3.org/1999/02/22-rdf-syntax-ns#Property,职务
http://www.openkg.cn/COVID-19/character/property/P12,http://www.w3.org/1999/02/22-rdf-syntax-ns#Property,事迹
http://www.openkg.cn/COVID-19/character/property/P1,http://www.w3.org/1999/02/22-rdf-syntax-ns#Property,籍贯
http://www.openkg.cn/COVID-19/character/property/P10,http://www.w3.org/1999/02/22-rdf-syntax-ns#Property,参与事件
http://www.openkg.cn/COVID-19/character/property/P13,http://www.w3.org/1999/02/22-rdf-syntax-ns#Property,职责
http://www.openkg.cn/COVID-19/character/property/P14,http://www.w3.org/1999/02/22-rdf-syntax-ns#Property,死亡原因
http://www.openkg.cn/COVID-19/character/property/P15,http://www.w3.org/1999/02/22-rdf-syntax-ns#Property,出生地
http://www.openkg.cn/COVID-19/character/property/P18,http://www.w3.org/1999/02/22-rdf-syntax-ns#Property,重要成果
http://www.openkg.cn/COVID-19/character/property/P19,http://www.w3.org/1999/02/22-rdf-syntax-ns#Property,相关疾病
http://www.openkg.cn/COVID-19/character/property/P20,http://www.w3.org/1999/02/22-rdf-syntax-ns#Property,导致
http://www.openkg.cn/COVID-19/character/property/P21,http://www.w3.org/1999/02/22-rdf-syntax-ns#Property,顺承
http://www.openkg.cn/COVID-19/character/property/P22,http://www.w3.org/1999/02/22-rdf-syntax-ns#Property,因果
http://www.openkg.cn/COVID-19/character/property/P23,http://www.w3.org/1999/02/22-rdf-syntax-ns#Property,爆发地点
http://www.openkg.cn/COVID-19/character/property/P24,http://www.w3.org/1999/02/22-rdf-syntax-ns#Property,所在城市
http://www.openkg.cn/COVID-19/character/property/P38,http://www.w3.org/1999/02/22-rdf-syntax-ns#Property,所在城市
http://www.openkg.cn/COVID-19/character/property/P25,http://www.w3.org/1999/02/22-rdf-syntax-ns#Property,颁布
http://www.openkg.cn/COVID-19/character/property/P26,http://www.w3.org/1999/02/22-rdf-syntax-ns#Property,出版
http://www.openkg.cn/COVID-19/character/property/P28,http://www.w3.org/1999/02/22-rdf-syntax-ns#Property,奖项名次
http://www.openkg.cn/COVID-19/character/property/P29,http://www.w3.org/1999/02/22-rdf-syntax-ns#Property,获奖原因
http://www.openkg.cn/COVID-19/character/property/P3,http://www.w3.org/1999/02/22-rdf-syntax-ns#Property,死亡时间
http://www.openkg.cn/COVID-19/character/property/P30,http://www.w3.org/1999/02/22-rdf-syntax-ns#Property,发表日期
http://www.openkg.cn/COVID-19/character/property/P31,http://www.w3.org/1999/02/22-rdf-syntax-ns#Property,结论
http://www.openkg.cn/COVID-19/character/property/P33,http://www.w3.org/1999/02/22-rdf-syntax-ns#Property,第一作者
http://www.openkg.cn/COVID-19/character/property/P34,http://www.w3.org/1999/02/22-rdf-syntax-ns#Property,共同作者
http://www.openkg.cn/COVID-19/character/property/P35,http://www.w3.org/1999/02/22-rdf-syntax-ns#Property,发生地点
http://www.openkg.cn/COVID-19/character/property/P37,http://www.w3.org/1999/02/22-rdf-syntax-ns#Property,任职机构
http://www.openkg.cn/COVID-19/character/property/P39,http://www.w3.org/1999/02/22-rdf-syntax-ns#Property,获奖事件
http://www.openkg.cn/COVID-19/character/property/P4,http://www.w3.org/1999/02/22-rdf-syntax-ns#Property,出生日期
http://www.openkg.cn/COVID-19/character/property/P40,http://www.w3.org/1999/02/22-rdf-syntax-ns#Property,相关奖项
http://www.openkg.cn/COVID-19/character/property/P41,http://www.w3.org/1999/02/22-rdf-syntax-ns#Property,出版日期
http://www.openkg.cn/COVID-19/character/property/P42,http://www.w3.org/1999/02/22-rdf-syntax-ns#Property,同事
http://www.openkg.cn/COVID-19/character/property/P43,http://www.w3.org/1999/02/22-rdf-syntax-ns#Property,合作
http://www.openkg.cn/COVID-19/character/property/P44,http://www.w3.org/1999/02/22-rdf-syntax-ns#Property,队友
http://www.openkg.cn/COVID-19/character/property/P45,http://www.w3.org/1999/02/22-rdf-syntax-ns#Property,支援地点
http://www.openkg.cn/COVID-19/character/property/P46,http://www.w3.org/1999/02/22-rdf-syntax-ns#Property,所属救援队
http://www.openkg.cn/COVID-19/character/property/P48,http://www.w3.org/1999/02/22-rdf-syntax-ns#Property,现任机构
http://www.openkg.cn/COVID-19/character/property/P49,http://www.w3.org/1999/02/22-rdf-syntax-ns#Property,出发日期
http://www.openkg.cn/COVID-19/character/property/P6,http://www.w3.org/1999/02/22-rdf-syntax-ns#Property,国籍
http://www.openkg.cn/COVID-19/character/property/P7,http://www.w3.org/1999/02/22-rdf-syntax-ns#Property,研究方向
http://www.openkg.cn/COVID-19/character/property/P8,http://www.w3.org/1999/02/22-rdf-syntax-ns#Property,毕业院校
http://www.openkg.cn/COVID-19/character/property/P9,http://www.w3.org/1999/02/22-rdf-syntax-ns#Property,参与战役
http://www.openkg.cn/2019-nCoV/health/property/P33,http://www.w3.org/1999/02/22-rdf-syntax-ns#Property,临床分型危重型
http://www.openkg.cn/2019-nCoV/health/property/P63,http://www.w3.org/1999/02/22-rdf-syntax-ns#Property,用药
http://www.openkg.cn/2019-nCoV/health/property/P71,http://www.w3.org/1999/02/22-rdf-syntax-ns#Property,简介概述
http://www.openkg.cn/2019-nCoV/health/property/P35,http://www.w3.org/1999/02/22-rdf-syntax-ns#Property,易感人群
http://www.openkg.cn/2019-nCoV/health/property/P28,http://www.w3.org/1999/02/22-rdf-syntax-ns#Property,临床治疗期重症期中医推荐处方
http://www.openkg.cn/2019-nCoV/health/property/P101,http://www.w3.org/1999/02/22-rdf-syntax-ns#Property,临床意义
http://www.openkg.cn/2019-nCoV/health/property/P76,http://www.w3.org/1999/02/22-rdf-syntax-ns#Property,临床治疗期中期中医推荐处方
http://www.openkg.cn/2019-nCoV/health/property/P38,http://www.w3.org/1999/02/22-rdf-syntax-ns#Property,不良反应
http://www.openkg.cn/2019-nCoV/health/property/P78,http://www.w3.org/1999/02/22-rdf-syntax-ns#Property,药物治疗
http://www.openkg.cn/2019-nCoV/health/property/P46,http://www.w3.org/1999/02/22-rdf-syntax-ns#Property,转运原则
http://www.openkg.cn/2019-nCoV/health/property/P72,http://www.w3.org/1999/02/22-rdf-syntax-ns#Property,采用标准
http://www.openkg.cn/2019-nCoV/health/property/P77,http://www.w3.org/1999/02/22-rdf-syntax-ns#Property,使用注意事项
http://www.openkg.cn/2019-nCoV/health/property/P88,http://www.w3.org/1999/02/22-rdf-syntax-ns#Property,适应症
http://www.openkg.cn/2019-nCoV/health/property/P53,http://www.w3.org/1999/02/22-rdf-syntax-ns#Property,临床分型
http://www.openkg.cn/2019-nCoV/health/property/P75,http://www.w3.org/1999/02/22-rdf-syntax-ns#Property,中医治疗
http://www.openkg.cn/2019-nCoV/health/property/P14,http://www.w3.org/1999/02/22-rdf-syntax-ns#Property,用药
http://www.openkg.cn/2019-nCoV/health/property/P81,http://www.w3.org/1999/02/22-rdf-syntax-ns#Property,遗传特点
http://www.openkg.cn/2019-nCoV/health/property/P32,http://www.w3.org/1999/02/22-rdf-syntax-ns#Property,就诊科室
http://www.openkg.cn/2019-nCoV/health/property/P29,http://www.w3.org/1999/02/22-rdf-syntax-ns#Property,存在形式
http://www.openkg.cn/2019-nCoV/health/property/P62,http://www.w3.org/1999/02/22-rdf-syntax-ns#Property,检查
http://www.openkg.cn/2019-nCoV/health/property/P37,http://www.w3.org/1999/02/22-rdf-syntax-ns#Property,解除隔离和出院标准
http://www.openkg.cn/2019-nCoV/health/property/P25,http://www.w3.org/1999/02/22-rdf-syntax-ns#Property,发病机制
http://www.openkg.cn/2019-nCoV/health/property/P6,http://www.w3.org/1999/02/22-rdf-syntax-ns#Property,病原体
http://www.openkg.cn/2019-nCoV/health/property/P86,http://www.w3.org/1999/02/22-rdf-syntax-ns#Property,症状
http://www.openkg.cn/2019-nCoV/health/property/P55,http://www.w3.org/1999/02/22-rdf-syntax-ns#Property,预防
http://www.openkg.cn/2019-nCoV/health/property/P7,http://www.w3.org/1999/02/22-rdf-syntax-ns#Property,临床治疗期重症期推荐中成药
http://www.openkg.cn/2019-nCoV/health/property/P84,http://www.w3.org/1999/02/22-rdf-syntax-ns#Property,高发人群
http://www.openkg.cn/2019-nCoV/health/property/P99,http://www.w3.org/1999/02/22-rdf-syntax-ns#Property,临床治疗期中期表现
http://www.openkg.cn/2019-nCoV/health/property/P65,http://www.w3.org/1999/02/22-rdf-syntax-ns#Property,特殊检查
http://www.openkg.cn/2019-nCoV/health/property/P49,http://www.w3.org/1999/02/22-rdf-syntax-ns#Property,临床治疗期恢复期中医推荐处方
http://www.openkg.cn/2019-nCoV/health/property/P61,http://www.w3.org/1999/02/22-rdf-syntax-ns#Property,初步水解
http://www.openkg.cn/2019-nCoV/health/property/P19,http://www.w3.org/1999/02/22-rdf-syntax-ns#Property,标本要求
http://www.openkg.cn/2019-nCoV/health/property/P11,http://www.w3.org/1999/02/22-rdf-syntax-ns#Property,临床治疗期中期推荐中成药
http://www.openkg.cn/2019-nCoV/health/property/P36,http://www.w3.org/1999/02/22-rdf-syntax-ns#Property,一般治疗
http://www.openkg.cn/2019-nCoV/health/property/P39,http://www.w3.org/1999/02/22-rdf-syntax-ns#Property,防护
http://www.openkg.cn/2019-nCoV/health/property/P56,http://www.w3.org/1999/02/22-rdf-syntax-ns#Property,预后
http://www.openkg.cn/2019-nCoV/health/property/P8,http://www.w3.org/1999/02/22-rdf-syntax-ns#Property,关联症状
http://www.openkg.cn/2019-nCoV/health/property/P58,http://www.w3.org/1999/02/22-rdf-syntax-ns#Property,推荐药物及处方
http://www.openkg.cn/2019-nCoV/health/property/P47,http://www.w3.org/1999/02/22-rdf-syntax-ns#Property,是否空腹
http://www.openkg.cn/2019-nCoV/health/property/P87,http://www.w3.org/1999/02/22-rdf-syntax-ns#Property,鉴别诊断
http://www.openkg.cn/2019-nCoV/health/property/P40,http://www.w3.org/1999/02/22-rdf-syntax-ns#Property,发病部位
http://www.openkg.cn/2019-nCoV/health/property/P79,http://www.w3.org/1999/02/22-rdf-syntax-ns#Property,治疗方法
http://www.openkg.cn/2019-nCoV/health/property/P60,http://www.w3.org/1999/02/22-rdf-syntax-ns#Property,分布
http://www.openkg.cn/2019-nCoV/health/property/P80,http://www.w3.org/1999/02/22-rdf-syntax-ns#Property,位置
http://www.openkg.cn/2019-nCoV/health/property/P59,http://www.w3.org/1999/02/22-rdf-syntax-ns#Property,形状
http://www.openkg.cn/2019-nCoV/health/property/P100,http://www.w3.org/1999/02/22-rdf-syntax-ns#Property,医生查体
http://www.openkg.cn/2019-nCoV/health/property/P69,http://www.w3.org/1999/02/22-rdf-syntax-ns#Property,临床分型重型
http://www.openkg.cn/2019-nCoV/health/property/P70,http://www.w3.org/1999/02/22-rdf-syntax-ns#Property,流行病学特点
http://www.openkg.cn/2019-nCoV/health/property/P103,http://www.w3.org/1999/02/22-rdf-syntax-ns#Property,参考值
http://www.openkg.cn/2019-nCoV/health/property/P67,http://www.w3.org/1999/02/22-rdf-syntax-ns#Property,临床分型普通型
http://www.openkg.cn/2019-nCoV/health/property/P102,http://www.w3.org/1999/02/22-rdf-syntax-ns#Property,用途标签
http://www.openkg.cn/2019-nCoV/health/property/P51,http://www.w3.org/1999/02/22-rdf-syntax-ns#Property,潜伏期
http://www.openkg.cn/2019-nCoV/health/property/P18,http://www.w3.org/1999/02/22-rdf-syntax-ns#Property,成分
http://www.openkg.cn/2019-nCoV/health/property/P13,http://www.w3.org/1999/02/22-rdf-syntax-ns#Property,鉴定试剂
http://www.openkg.cn/2019-nCoV/health/property/P24,http://www.w3.org/1999/02/22-rdf-syntax-ns#Property,起因
http://www.openkg.cn/2019-nCoV/health/property/P82,http://www.w3.org/1999/02/22-rdf-syntax-ns#Property,作用
http://www.openkg.cn/2019-nCoV/health/property/P91,http://www.w3.org/1999/02/22-rdf-syntax-ns#Property,级别
http://www.openkg.cn/2019-nCoV/health/property/P73,http://www.w3.org/1999/02/22-rdf-syntax-ns#Property,临床表现
http://www.openkg.cn/2019-nCoV/health/property/P90,http://www.w3.org/1999/02/22-rdf-syntax-ns#Property,就诊依据
http://www.openkg.cn/2019-nCoV/health/property/P68,http://www.w3.org/1999/02/22-rdf-syntax-ns#Property,临床治疗期恢复期表现
http://www.openkg.cn/2019-nCoV/health/property/P34,http://www.w3.org/1999/02/22-rdf-syntax-ns#Property,基本单位
http://www.openkg.cn/2019-nCoV/health/property/P83,http://www.w3.org/1999/02/22-rdf-syntax-ns#Property,实验室检查
http://www.openkg.cn/2019-nCoV/health/property/P22,http://www.w3.org/1999/02/22-rdf-syntax-ns#Property,饮食禁忌
http://www.openkg.cn/2019-nCoV/health/property/P45,http://www.w3.org/1999/02/22-rdf-syntax-ns#Property,构成
http://www.openkg.cn/2019-nCoV/health/property/P41,http://www.w3.org/1999/02/22-rdf-syntax-ns#Property,地址
http://www.openkg.cn/2019-nCoV/health/property/P48,http://www.w3.org/1999/02/22-rdf-syntax-ns#Property,影像学检查
http://www.openkg.cn/2019-nCoV/health/property/P31,http://www.w3.org/1999/02/22-rdf-syntax-ns#Property,概念
http://www.openkg.cn/2019-nCoV/health/property/P17,http://www.w3.org/1999/02/22-rdf-syntax-ns#Property,提示
http://www.openkg.cn/2019-nCoV/health/property/P12,http://www.w3.org/1999/02/22-rdf-syntax-ns#Property,替代
http://www.openkg.cn/2019-nCoV/health/property/P9,http://www.w3.org/1999/02/22-rdf-syntax-ns#Property,抑制药物
http://www.openkg.cn/2019-nCoV/health/property/P5,http://www.w3.org/1999/02/22-rdf-syntax-ns#Property,涉及检查
http://www.openkg.cn/2019-nCoV/health/property/P15,http://www.w3.org/1999/02/22-rdf-syntax-ns#Property,关联疾病
http://www.openkg.cn/2019-nCoV/health/property/P30,http://www.w3.org/1999/02/22-rdf-syntax-ns#Property,内容
http://www.openkg.cn/2019-nCoV/health/property/P42,http://www.w3.org/1999/02/22-rdf-syntax-ns#Property,彻底水解
http://www.openkg.cn/2019-nCoV/health/property/P52,http://www.w3.org/1999/02/22-rdf-syntax-ns#Property,确诊病例
http://www.openkg.cn/2019-nCoV/health/property/P54,http://www.w3.org/1999/02/22-rdf-syntax-ns#Property,注意事项
http://www.openkg.cn/2019-nCoV/health/property/P16,http://www.w3.org/1999/02/22-rdf-syntax-ns#Property,临床治疗期重症期表现
http://www.openkg.cn/2019-nCoV/health/property/P43,http://www.w3.org/1999/02/22-rdf-syntax-ns#Property,临床治疗期初期中医推荐处方
http://www.openkg.cn/2019-nCoV/health/property/P89,http://www.w3.org/1999/02/22-rdf-syntax-ns#Property,详细过程
http://www.openkg.cn/2019-nCoV/health/property/P95,http://www.w3.org/1999/02/22-rdf-syntax-ns#Property,防护标准
http://www.openkg.cn/2019-nCoV/health/property/P44,http://www.w3.org/1999/02/22-rdf-syntax-ns#Property,出处
http://www.openkg.cn/2019-nCoV/health/property/P2,http://www.w3.org/1999/02/22-rdf-syntax-ns#Property,涉及症状
http://www.openkg.cn/2019-nCoV/health/property/P10,http://www.w3.org/1999/02/22-rdf-syntax-ns#Property,科室
http://www.openkg.cn/2019-nCoV/health/property/P21,http://www.w3.org/1999/02/22-rdf-syntax-ns#Property,定义
http://www.openkg.cn/2019-nCoV/health/property/P26,http://www.w3.org/1999/02/22-rdf-syntax-ns#Property,适用场景
http://www.openkg.cn/2019-nCoV/health/property/P50,http://www.w3.org/1999/02/22-rdf-syntax-ns#Property,诊断
http://www.openkg.cn/2019-nCoV/health/property/P74,http://www.w3.org/1999/02/22-rdf-syntax-ns#Property,临床治疗期初期表现
http://www.openkg.cn/2019-nCoV/health/property/P94,http://www.w3.org/1999/02/22-rdf-syntax-ns#Property,更换条件
http://www.openkg.cn/2019-nCoV/health/property/P4,http://www.w3.org/1999/02/22-rdf-syntax-ns#Property,涉及疾病
http://www.openkg.cn/2019-nCoV/health/property/P92,http://www.w3.org/1999/02/22-rdf-syntax-ns#Property,地理位置
http://www.openkg.cn/2019-nCoV/health/property/P1,http://www.w3.org/1999/02/22-rdf-syntax-ns#Property,遗传物质
http://www.openkg.cn/2019-nCoV/health/property/P66,http://www.w3.org/1999/02/22-rdf-syntax-ns#Property,直径
http://www.openkg.cn/2019-nCoV/health/property/P57,http://www.w3.org/1999/02/22-rdf-syntax-ns#Property,随访
http://www.openkg.cn/2019-nCoV/health/property/P27,http://www.w3.org/1999/02/22-rdf-syntax-ns#Property,结构
http://www.openkg.cn/2019-nCoV/health/property/P3,http://www.w3.org/1999/02/22-rdf-syntax-ns#Property,疑似宿主
http://www.openkg.cn/2019-nCoV/health/property/P93,http://www.w3.org/1999/02/22-rdf-syntax-ns#Property,特点
http://www.openkg.cn/2019-nCoV/health/property/P20,http://www.w3.org/1999/02/22-rdf-syntax-ns#Property,ICD10编码
http://www.openkg.cn/2019-nCoV/health/property/P97,http://www.w3.org/1999/02/22-rdf-syntax-ns#Property,元素组成
http://www.openkg.cn/2019-nCoV/health/property/P85,http://www.w3.org/1999/02/22-rdf-syntax-ns#Property,功能
http://www.openkg.cn/2019-nCoV/health/property/P104,http://www.w3.org/1999/02/22-rdf-syntax-ns#Property,类别
http://www.openkg.cn/2019-nCoV/health/property/P98,http://www.w3.org/1999/02/22-rdf-syntax-ns#Property,形态结构
http://www.openkg.cn/2019-nCoV/health/property/P96,http://www.w3.org/1999/02/22-rdf-syntax-ns#Property,传播途径
http://www.openkg.cn/2019-nCoV/health/property/P23,http://www.w3.org/1999/02/22-rdf-syntax-ns#Property,并发症
http://www.openkg.cn/2019-nCoV/health/property/P64,http://www.w3.org/1999/02/22-rdf-syntax-ns#Property,性能局限性
http://www.openkg.cn/COVID-19/research/property/P1,http://www.w3.org/1999/02/22-rdf-syntax-ns#Property,种
http://www.openkg.cn/COVID-19/research/property/P2,http://www.w3.org/1999/02/22-rdf-syntax-ns#Property,属
http://www.openkg.cn/COVID-19/research/property/P3,http://www.w3.org/1999/02/22-rdf-syntax-ns#Property,亚属
http://www.openkg.cn/COVID-19/research/property/P4,http://www.w3.org/1999/02/22-rdf-syntax-ns#Property,科
http://www.openkg.cn/COVID-19/research/property/P5,http://www.w3.org/1999/02/22-rdf-syntax-ns#Property,亚科
http://www.openkg.cn/COVID-19/research/property/P6,http://www.w3.org/1999/02/22-rdf-syntax-ns#Property,目
http://www.openkg.cn/COVID-19/research/property/P7,http://www.w3.org/1999/02/22-rdf-syntax-ns#Property,亚目
http://www.openkg.cn/COVID-19/research/property/P8,http://www.w3.org/1999/02/22-rdf-syntax-ns#Property,亚种
http://www.openkg.cn/COVID-19/research/property/P9,http://www.w3.org/1999/02/22-rdf-syntax-ns#Property,纲
http://www.openkg.cn/COVID-19/research/property/P10,http://www.w3.org/1999/02/22-rdf-syntax-ns#Property,门
http://www.openkg.cn/COVID-19/research/property/P11,http://www.w3.org/1999/02/22-rdf-syntax-ns#Property,亚门
http://www.openkg.cn/COVID-19/research/property/P12,http://www.w3.org/1999/02/22-rdf-syntax-ns#Property,宿主是
http://www.openkg.cn/COVID-19/research/property/P13,http://www.w3.org/1999/02/22-rdf-syntax-ns#Property,父节点
http://www.openkg.cn/COVID-19/research/property/P14,http://www.w3.org/1999/02/22-rdf-syntax-ns#Property,来自于…国家
http://www.openkg.cn/COVID-19/research/property/P15,http://www.w3.org/1999/02/22-rdf-syntax-ns#Property,来自于…行政区
http://www.openkg.cn/COVID-19/research/property/P16,http://www.w3.org/1999/02/22-rdf-syntax-ns#Property,来自于…地理位置
http://www.openkg.cn/COVID-19/research/property/P17,http://www.w3.org/1999/02/22-rdf-syntax-ns#Property,在…变异分支上
http://www.openkg.cn/COVID-19/research/property/P18,http://www.w3.org/1999/02/22-rdf-syntax-ns#Property,产生
http://www.openkg.cn/COVID-19/research/property/P19,http://www.w3.org/1999/02/22-rdf-syntax-ns#Property,影响
http://www.openkg.cn/COVID-19/research/property/P20,http://www.w3.org/1999/02/22-rdf-syntax-ns#Property,相互作用
http://www.openkg.cn/COVID-19/research/property/P21,http://www.w3.org/1999/02/22-rdf-syntax-ns#Property,粘合
http://www.openkg.cn/COVID-19/research/property/P22,http://www.w3.org/1999/02/22-rdf-syntax-ns#Property,属于
http://www.openkg.cn/COVID-19/research/property/P23,http://www.w3.org/1999/02/22-rdf-syntax-ns#Property,表达
http://www.openkg.cn/COVID-19/research/property/P24,http://www.w3.org/1999/02/22-rdf-syntax-ns#Property,翻译
http://www.openkg.cn/COVID-19/research/property/P25,http://www.w3.org/1999/02/22-rdf-syntax-ns#Property,治疗方法
http://www.openkg.cn/COVID-19/research/property/P26,http://www.w3.org/1999/02/22-rdf-syntax-ns#Property,作者
http://www.openkg.cn/COVID-19/research/property/P27,http://www.w3.org/1999/02/22-rdf-syntax-ns#Property,源实验室
http://www.openkg.cn/COVID-19/research/property/P28,http://www.w3.org/1999/02/22-rdf-syntax-ns#Property,提交实验室
http://www.openkg.cn/COVID-19/research/property/P29,http://www.w3.org/1999/02/22-rdf-syntax-ns#Property,GISAID登录号
http://www.openkg.cn/COVID-19/research/property/P30,http://www.w3.org/1999/02/22-rdf-syntax-ns#Property,采样时间
http://www.openkg.cn/COVID-19/research/property/P31,http://www.w3.org/1999/02/22-rdf-syntax-ns#Property,核苷酸突变
http://www.openkg.cn/COVID-19/research/property/P32,http://www.w3.org/1999/02/22-rdf-syntax-ns#Property,AA突变
http://www.openkg.cn/COVID-19/research/property/P33,http://www.w3.org/1999/02/22-rdf-syntax-ns#Property,变异度
http://www.openkg.cn/COVID-19/research/property/P34,http://www.w3.org/1999/02/22-rdf-syntax-ns#Property,病毒类型
http://www.openkg.cn/COVID-19/research/property/P35,http://www.w3.org/1999/02/22-rdf-syntax-ns#Property,drugbank_virus_id
http://www.openkg.cn/COVID-19/research/property/P36,http://www.w3.org/1999/02/22-rdf-syntax-ns#Property,drugbank_drug_id
http://www.openkg.cn/COVID-19/research/property/P37,http://www.w3.org/1999/02/22-rdf-syntax-ns#Property,atc_codes
http://www.openkg.cn/COVID-19/research/property/P38,http://www.w3.org/1999/02/22-rdf-syntax-ns#Property,brand_names
http://www.openkg.cn/COVID-19/research/property/P39,http://www.w3.org/1999/02/22-rdf-syntax-ns#Property,smiles_string_isomeric
http://www.openkg.cn/COVID-19/research/property/P40,http://www.w3.org/1999/02/22-rdf-syntax-ns#Property,chemical_formula
http://www.openkg.cn/COVID-19/research/property/P41,http://www.w3.org/1999/02/22-rdf-syntax-ns#Property,drug_type
http://www.openkg.cn/COVID-19/research/property/P42,http://www.w3.org/1999/02/22-rdf-syntax-ns#Property,experimental_water_solubility
http://www.openkg.cn/COVID-19/research/property/P43,http://www.w3.org/1999/02/22-rdf-syntax-ns#Property,molecular_weight_avg
http://www.openkg.cn/COVID-19/research/property/P44,http://www.w3.org/1999/02/22-rdf-syntax-ns#Property,indication
http://www.openkg.cn/COVID-19/research/property/P45,http://www.w3.org/1999/02/22-rdf-syntax-ns#Property,half_life
http://www.openkg.cn/COVID-19/research/property/P46,http://www.w3.org/1999/02/22-rdf-syntax-ns#Property,pathways
http://www.openkg.cn/COVID-19/research/property/P47,http://www.w3.org/1999/02/22-rdf-syntax-ns#Property,description
http://www.openkg.cn/COVID-19/research/property/P48,http://www.w3.org/1999/02/22-rdf-syntax-ns#Property,pharmacology
http://www.openkg.cn/COVID-19/research/property/P49,http://www.w3.org/1999/02/22-rdf-syntax-ns#Property,mechanism_of_action
http://www.openkg.cn/COVID-19/research/property/P50,http://www.w3.org/1999/02/22-rdf-syntax-ns#Property,toxicity
http://www.openkg.cn/COVID-19/research/property/P51,http://www.w3.org/1999/02/22-rdf-syntax-ns#Property,drug_category
http://www.openkg.cn/COVID-19/research/property/P52,http://www.w3.org/1999/02/22-rdf-syntax-ns#Property,uniprotkb_entry_name
